Units, ,TAF,TAF,TAF,TAF,TAF,TAF,TAF,TAF,TAF,TAF
Type, ,PER-AVER,PER-AVER,PER-AVER,PER-AVER,PER-AVER,PER-AVER,PER-AVER,PER-AVER,PER-AVER,PER-AVER
1,31 Oct 1920, 24:00,5.200, , , , , , , , , 
2,30 Nov 1920, 24:00,3.600, , , , , , , , , 
3,31 Dec 1920, 24:00,3.900, , , , , , , , , 
4,31 Jan 1921, 24:00,12.200, , , , , , , , , 
5,28 Feb 1921, 24:00,11.000, , , , , , , , , 
6,31 Mar 1921, 24:00,12.200, , , , , , , , , 
7,30 Apr 1921, 24:00,13.200, , , , , , , , , 
8,31 May 1921, 24:00,13.200, , , , , , , , , 
9,30 Jun 1921, 24:00,12.600, , , , , , , , , 
10,31 Jul 1921, 24:00,13.000, , , , , , , , , 
11,31 Aug 1921, 24:00,12.900, , , , , , , , , 
12,30 Sep 1921, 24:00,10.300, , , , , , , , , 
13,31 Oct 1921, 24:00,9.827, , , , , , , , , 
14,30 Nov 1921, 24:00,15.777, , , , , , , , , 
15,31 Dec 1921, 24:00,16.016, , , , , , , , , 
16,31 Jan 1922, 24:00,16.277, , , , , , , , , 
17,28 Feb 1922, 24:00,14.297, , , , , , , , , 
18,31 Mar 1922, 24:00,16.267, , , , , , , , , 
19,30 Apr 1922, 24:00,15.297, , , , , , , , , 
20,31 May 1922, 24:00,16.287, , , , , , , , , 
21,30 Jun 1922, 24:00,15.350, , , , , , , , , 
22,31 Jul 1922, 24:00,15.746, , , , , , , , , 
23,31 Aug 1922, 24:00,15.850, , , , , , , , , 
24,30 Sep 1922, 24:00,9.806, , , , , , , , , 
25,31 Oct 1922, 24:00,0.000, , , , , , , , , 
26,30 Nov 1922, 24:00,0.249, , , , , , , , , 
27,31 Dec 1922, 24:00,12.625, , , , , , , , , 
28,31 Jan 1923, 24:00,12.874, , , , , , , , , 
29,28 Feb 1923, 24:00,14.209, , , , , , , , , 
30,31 Mar 1923, 24:00,15.714, , , , , , , , , 
31,30 Apr 1923, 24:00,14.737, , , , , , , , , 
32,31 May 1923, 24:00,15.395, , , , , , , , , 
33,30 Jun 1923, 24:00,14.857, , , , , , , , , 
34,31 Jul 1923, 24:00,15.236, , , , , , , , , 
35,31 Aug 1923, 24:00,11.798, , , , , , , , , 
36,30 Sep 1923, 24:00,2.810, , , , , , , , , 
37,31 Oct 1923, 24:00,8.036, , , , , , , , , 
38,30 Nov 1923, 24:00,5.081, , , , , , , , , 
39,31 Dec 1923, 24:00,0.399, , , , , , , , , 
40,31 Jan 1924, 24:00,0.000, , , , , , , , , 
41,29 Feb 1924, 24:00,0.000, , , , , , , , , 
42,31 Mar 1924, 24:00,0.000, , , , , , , , , 
43,30 Apr 1924, 24:00,0.046, , , , , , , , , 
44,31 May 1924, 24:00,0.000, , , , , , , , , 
45,30 Jun 1924, 24:00,0.499, , , , , , , , , 
46,31 Jul 1924, 24:00,0.146, , , , , , , , , 
47,31 Aug 1924, 24:00,0.000, , , , , , , , , 
48,30 Sep 1924, 24:00,0.261, , , , , , , , , 
49,31 Oct 1924, 24:00,0.000, , , , , , , , , 
50,30 Nov 1924, 24:00,0.251, , , , , , , , , 
51,31 Dec 1924, 24:00,12.707, , , , , , , , , 
52,31 Jan 1925, 24:00,12.958, , , , , , , , , 
53,28 Feb 1925, 24:00,14.302, , , , , , , , , 
54,31 Mar 1925, 24:00,15.816, , , , , , , , , 
55,30 Apr 1925, 24:00,14.833, , , , , , , , , 
56,31 May 1925, 24:00,15.495, , , , , , , , , 
57,30 Jun 1925, 24:00,14.954, , , , , , , , , 
58,31 Jul 1925, 24:00,15.335, , , , , , , , , 
59,31 Aug 1925, 24:00,11.875, , , , , , , , , 
60,30 Sep 1925, 24:00,2.828, , , , , , , , , 
61,31 Oct 1925, 24:00,0.000, , , , , , , , , 
62,30 Nov 1925, 24:00,0.249, , , , , , , , , 
63,31 Dec 1925, 24:00,12.617, , , , , , , , , 
64,31 Jan 1926, 24:00,12.866, , , , , , , , , 
65,28 Feb 1926, 24:00,14.200, , , , , , , , , 
66,31 Mar 1926, 24:00,15.704, , , , , , , , , 
67,30 Apr 1926, 24:00,14.728, , , , , , , , , 
68,31 May 1926, 24:00,15.385, , , , , , , , , 
69,30 Jun 1926, 24:00,14.847, , , , , , , , , 
70,31 Jul 1926, 24:00,15.226, , , , , , , , , 
71,31 Aug 1926, 24:00,11.790, , , , , , , , , 
72,30 Sep 1926, 24:00,2.808, , , , , , , , , 
73,31 Oct 1926, 24:00,0.331, , , , , , , , , 
74,30 Nov 1926, 24:00,0.211, , , , , , , , , 
75,31 Dec 1926, 24:00,5.245, , , , , , , , , 
76,31 Jan 1927, 24:00,13.267, , , , , , , , , 
77,28 Feb 1927, 24:00,5.526, , , , , , , , , 
78,31 Mar 1927, 24:00,0.000, , , , , , , , , 
79,30 Apr 1927, 24:00,2.367, , , , , , , , , 
80,31 May 1927, 24:00,10.018, , , , , , , , , 
81,30 Jun 1927, 24:00,7.992, , , , , , , , , 
82,31 Jul 1927, 24:00,8.735, , , , , , , , , 
83,31 Aug 1927, 24:00,8.193, , , , , , , , , 
84,30 Sep 1927, 24:00,7.611, , , , , , , , , 
85,31 Oct 1927, 24:00,12.940, , , , , , , , , 
86,30 Nov 1927, 24:00,11.668, , , , , , , , , 
87,31 Dec 1927, 24:00,6.571, , , , , , , , , 
88,31 Jan 1928, 24:00,10.162, , , , , , , , , 
89,29 Feb 1928, 24:00,14.882, , , , , , , , , 
90,31 Mar 1928, 24:00,15.920, , , , , , , , , 
91,30 Apr 1928, 24:00,15.391, , , , , , , , , 
92,31 May 1928, 24:00,15.869, , , , , , , , , 
93,30 Jun 1928, 24:00,15.188, , , , , , , , , 
94,31 Jul 1928, 24:00,14.710, , , , , , , , , 
95,31 Aug 1928, 24:00,15.442, , , , , , , , , 
96,30 Sep 1928, 24:00,12.156, , , , , , , , , 
97,31 Oct 1928, 24:00,13.025, , , , , , , , , 
98,30 Nov 1928, 24:00,13.015, , , , , , , , , 
99,31 Dec 1928, 24:00,12.634, , , , , , , , , 
100,31 Jan 1929, 24:00,13.757, , , , , , , , , 
101,28 Feb 1929, 24:00,6.417, , , , , , , , , 
102,31 Mar 1929, 24:00,4.883, , , , , , , , , 
103,30 Apr 1929, 24:00,0.451, , , , , , , , , 
104,31 May 1929, 24:00,0.852, , , , , , , , , 
105,30 Jun 1929, 24:00,1.524, , , , , , , , , 
106,31 Jul 1929, 24:00,1.514, , , , , , , , , 
107,31 Aug 1929, 24:00,0.191, , , , , , , , , 
108,30 Sep 1929, 24:00,12.484, , , , , , , , , 
109,31 Oct 1929, 24:00,5.260, , , , , , , , , 
110,30 Nov 1929, 24:00,7.135, , , , , , , , , 
111,31 Dec 1929, 24:00,12.010, , , , , , , , , 
112,31 Jan 1930, 24:00, ,14.913, , , , , , , , 
113,28 Feb 1930, 24:00, ,14.125, , , , , , , , 
114,31 Mar 1930, 24:00, ,14.856, , , , , , , , 
115,30 Apr 1930, 24:00, ,14.221, , , , , , , , 
116,31 May 1930, 24:00, ,15.048, , , , , , , , 
117,30 Jun 1930, 24:00, ,14.058, , , , , , , , 
118,31 Jul 1930, 24:00, ,14.635, , , , , , , , 
119,31 Aug 1930, 24:00, ,14.519, , , , , , , , 
120,30 Sep 1930, 24:00, ,9.038, , , , , , , , 
121,31 Oct 1930, 24:00, ,16.645, , , , , , , , 
122,30 Nov 1930, 24:00, ,16.632, , , , , , , , 
123,31 Dec 1930, 24:00, ,16.145, , , , , , , , 
124,31 Jan 1931, 24:00, ,17.580, , , , , , , , 
125,28 Feb 1931, 24:00, ,8.201, , , , , , , , 
126,31 Mar 1931, 24:00, ,6.240, , , , , , , , 
127,30 Apr 1931, 24:00, ,0.577, , , , , , , , 
128,31 May 1931, 24:00, ,1.089, , , , , , , , 
129,30 Jun 1931, 24:00, ,1.948, , , , , , , , 
130,31 Jul 1931, 24:00, ,1.935, , , , , , , , 
131,31 Aug 1931, 24:00, ,0.243, , , , , , , , 
132,30 Sep 1931, 24:00, ,15.953, , , , , , , , 
133,31 Oct 1931, 24:00, ,8.821, , , , , , , , 
134,30 Nov 1931, 24:00, ,13.468, , , , , , , , 
135,31 Dec 1931, 24:00, ,11.168, , , , , , , , 
136,31 Jan 1932, 24:00, ,9.446, , , , , , , , 
137,29 Feb 1932, 24:00, ,9.909, , , , , , , , 
138,31 Mar 1932, 24:00, ,11.925, , , , , , , , 
139,30 Apr 1932, 24:00, ,13.194, , , , , , , , 
140,31 May 1932, 24:00, ,13.856, , , , , , , , 
141,30 Jun 1932, 24:00, ,12.787, , , , , , , , 
142,31 Jul 1932, 24:00, ,12.682, , , , , , , , 
143,31 Aug 1932, 24:00, ,12.881, , , , , , , , 
144,30 Sep 1932, 24:00, ,12.436, , , , , , , , 
145,31 Oct 1932, 24:00, ,12.409, , , , , , , , 
146,30 Nov 1932, 24:00, ,7.644, , , , , , , , 
147,31 Dec 1932, 24:00, ,3.041, , , , , , , , 
148,31 Jan 1933, 24:00, ,6.929, , , , , , , , 
149,28 Feb 1933, 24:00, ,8.225, , , , , , , , 
150,31 Mar 1933, 24:00, ,16.032, , , , , , , , 
151,30 Apr 1933, 24:00, ,9.930, , , , , , , , 
152,31 May 1933, 24:00, ,12.828, , , , , , , , 
153,30 Jun 1933, 24:00, ,13.787, , , , , , , , 
154,31 Jul 1933, 24:00, ,15.746, , , , , , , , 
155,31 Aug 1933, 24:00, ,15.297, , , , , , , , 
156,30 Sep 1933, 24:00, ,7.225, , , , , , , , 
157,31 Oct 1933, 24:00, ,12.305, , , , , , , , 
158,30 Nov 1933, 24:00, ,7.579, , , , , , , , 
159,31 Dec 1933, 24:00, ,3.015, , , , , , , , 
160,31 Jan 1934, 24:00, ,6.871, , , , , , , , 
161,28 Feb 1934, 24:00, ,8.156, , , , , , , , 
162,31 Mar 1934, 24:00, ,15.897, , , , , , , , 
163,30 Apr 1934, 24:00, ,9.846, , , , , , , , 
164,31 May 1934, 24:00, ,12.720, , , , , , , , 
165,30 Jun 1934, 24:00, ,13.671, , , , , , , , 
166,31 Jul 1934, 24:00, ,15.614, , , , , , , , 
167,31 Aug 1934, 24:00, ,15.168, , , , , , , , 
168,30 Sep 1934, 24:00, ,7.164, , , , , , , , 
169,31 Oct 1934, 24:00, ,11.090, , , , , , , , 
170,30 Nov 1934, 24:00, ,14.866, , , , , , , , 
171,31 Dec 1934, 24:00, ,6.424, , , , , , , , 
172,31 Jan 1935, 24:00, ,14.946, , , , , , , , 
173,28 Feb 1935, 24:00, ,11.859, , , , , , , , 
174,31 Mar 1935, 24:00, ,13.787, , , , , , , , 
175,30 Apr 1935, 24:00, ,13.697, , , , , , , , 
176,31 May 1935, 24:00, ,14.097, , , , , , , , 
177,30 Jun 1935, 24:00, ,14.806, , , , , , , , 
178,31 Jul 1935, 24:00, ,15.196, , , , , , , , 
179,31 Aug 1935, 24:00, ,15.276, , , , , , , , 
180,30 Sep 1935, 24:00, ,9.331, , , , , , , , 
181,31 Oct 1935, 24:00, ,11.038, , , , , , , , 
182,30 Nov 1935, 24:00, ,14.797, , , , , , , , 
183,31 Dec 1935, 24:00, ,6.394, , , , , , , , 
184,31 Jan 1936, 24:00, ,14.876, , , , , , , , 
185,29 Feb 1936, 24:00, ,11.804, , , , , , , , 
186,31 Mar 1936, 24:00, ,13.723, , , , , , , , 
187,30 Apr 1936, 24:00, ,13.633, , , , , , , , 
188,31 May 1936, 24:00, ,14.031, , , , , , , , 
189,30 Jun 1936, 24:00, ,14.737, , , , , , , , 
190,31 Jul 1936, 24:00, ,15.125, , , , , , , , 
191,31 Aug 1936, 24:00, ,15.204, , , , , , , , 
192,30 Sep 1936, 24:00, ,9.288, , , , , , , , 
193,31 Oct 1936, 24:00, ,9.261, , , , , , , , 
194,30 Nov 1936, 24:00, ,14.140, , , , , , , , 
195,31 Dec 1936, 24:00, ,11.725, , , , , , , , 
196,31 Jan 1937, 24:00, ,9.917, , , , , , , , 
197,28 Feb 1937, 24:00, ,10.404, , , , , , , , 
198,31 Mar 1937, 24:00, ,12.520, , , , , , , , 
199,30 Apr 1937, 24:00, ,13.852, , , , , , , , 
200,31 May 1937, 24:00, ,14.548, , , , , , , , 
201,30 Jun 1937, 24:00, ,13.425, , , , , , , , 
202,31 Jul 1937, 24:00, ,13.315, , , , , , , , 
203,31 Aug 1937, 24:00, ,13.524, , , , , , , , 
204,30 Sep 1937, 24:00, ,13.057, , , , , , , , 
205,31 Oct 1937, 24:00, ,6.357, , , , , , , , 
206,30 Nov 1937, 24:00, ,10.166, , , , , , , , 
207,31 Dec 1937, 24:00, ,14.824, , , , , , , , 
208,31 Jan 1938, 24:00, ,14.757, , , , , , , , 
209,28 Feb 1938, 24:00, ,13.545, , , , , , , , 
210,31 Mar 1938, 24:00, ,14.748, , , , , , , , 
211,30 Apr 1938, 24:00, ,14.481, , , , , , , , 
212,31 May 1938, 24:00, ,14.557, , , , , , , , 
213,30 Jun 1938, 24:00, ,13.755, , , , , , , , 
214,31 Jul 1938, 24:00, ,14.070, , , , , , , , 
215,31 Aug 1938, 24:00, ,13.860, , , , , , , , 
216,30 Sep 1938, 24:00, ,5.431, , , , , , , , 
217,31 Oct 1938, 24:00, ,12.934, , , , , , , , 
218,30 Nov 1938, 24:00, ,12.924, , , , , , , , 
219,31 Dec 1938, 24:00, ,12.546, , , , , , , , 
220,31 Jan 1939, 24:00, ,13.661, , , , , , , , 
221,28 Feb 1939, 24:00, ,6.372, , , , , , , , 
222,31 Mar 1939, 24:00, ,4.849, , , , , , , , 
223,30 Apr 1939, 24:00, ,0.448, , , , , , , , 
224,31 May 1939, 24:00, ,0.846, , , , , , , , 
225,30 Jun 1939, 24:00, ,1.513, , , , , , , , 
226,31 Jul 1939, 24:00, ,1.503, , , , , , , , 
227,31 Aug 1939, 24:00, ,0.189, , , , , , , , 
228,30 Sep 1939, 24:00, ,12.396, , , , , , , , 
229,31 Oct 1939, 24:00, ,0.331, , , , , , , , 
230,30 Nov 1939, 24:00, ,0.210, , , , , , , , 
231,31 Dec 1939, 24:00, ,5.240, , , , , , , , 
232,31 Jan 1940, 24:00, , ,13.256, , , , , , , 
233,29 Feb 1940, 24:00, , ,5.521, , , , , , , 
234,31 Mar 1940, 24:00, , ,0.000, , , , , , , 
235,30 Apr 1940, 24:00, , ,2.365, , , , , , , 
236,31 May 1940, 24:00, , ,10.009, , , , , , , 
237,30 Jun 1940, 24:00, , ,7.985, , , , , , , 
238,31 Jul 1940, 24:00, , ,8.727, , , , , , , 
239,31 Aug 1940, 24:00, , ,8.186, , , , , , , 
240,30 Sep 1940, 24:00, , ,7.605, , , , , , , 
241,31 Oct 1940, 24:00, , ,2.659, , , , , , , 
242,30 Nov 1940, 24:00, , ,12.239, , , , , , , 
243,31 Dec 1940, 24:00, , ,4.749, , , , , , , 
244,31 Jan 1941, 24:00, , ,3.146, , , , , , , 
245,28 Feb 1941, 24:00, , ,1.969, , , , , , , 
246,31 Mar 1941, 24:00, , ,7.144, , , , , , , 
247,30 Apr 1941, 24:00, , ,12.513, , , , , , , 
248,31 May 1941, 24:00, , ,13.213, , , , , , , 
249,30 Jun 1941, 24:00, , ,12.878, , , , , , , 
250,31 Jul 1941, 24:00, , ,12.239, , , , , , , 
251,31 Aug 1941, 24:00, , ,12.492, , , , , , , 
252,30 Sep 1941, 24:00, , ,13.050, , , , , , , 
253,31 Oct 1941, 24:00, , ,2.591, , , , , , , 
254,30 Nov 1941, 24:00, , ,11.926, , , , , , , 
255,31 Dec 1941, 24:00, , ,4.628, , , , , , , 
256,31 Jan 1942, 24:00, , ,3.066, , , , , , , 
257,28 Feb 1942, 24:00, , ,1.918, , , , , , , 
258,31 Mar 1942, 24:00, , ,6.962, , , , , , , 
259,30 Apr 1942, 24:00, , ,12.193, , , , , , , 
260,31 May 1942, 24:00, , ,12.875, , , , , , , 
261,30 Jun 1942, 24:00, , ,12.549, , , , , , , 
262,31 Jul 1942, 24:00, , ,11.926, , , , , , , 
263,31 Aug 1942, 24:00, , ,12.173, , , , , , , 
264,30 Sep 1942, 24:00, , ,12.717, , , , , , , 
265,31 Oct 1942, 24:00, , ,0.334, , , , , , , 
266,30 Nov 1942, 24:00, , ,0.212, , , , , , , 
267,31 Dec 1942, 24:00, , ,5.290, , , , , , , 
268,31 Jan 1943, 24:00, , ,13.383, , , , , , , 
269,28 Feb 1943, 24:00, , ,5.574, , , , , , , 
270,31 Mar 1943, 24:00, , ,0.000, , , , , , , 
271,30 Apr 1943, 24:00, , ,2.387, , , , , , , 
272,31 May 1943, 24:00, , ,10.106, , , , , , , 
273,30 Jun 1943, 24:00, , ,8.062, , , , , , , 
274,31 Jul 1943, 24:00, , ,8.811, , , , , , , 
275,31 Aug 1943, 24:00, , ,8.264, , , , , , , 
276,30 Sep 1943, 24:00, , ,7.678, , , , , , , 
277,31 Oct 1943, 24:00, , ,9.218, , , , , , , 
278,30 Nov 1943, 24:00, , ,9.007, , , , , , , 
279,31 Dec 1943, 24:00, , ,1.589, , , , , , , 
280,31 Jan 1944, 24:00, , ,1.715, , , , , , , 
281,29 Feb 1944, 24:00, , ,8.513, , , , , , , 
282,31 Mar 1944, 24:00, , ,10.343, , , , , , , 
283,30 Apr 1944, 24:00, , ,9.070, , , , , , , 
284,31 May 1944, 24:00, , ,8.186, , , , , , , 
285,30 Jun 1944, 24:00, , ,7.923, , , , , , , 
286,31 Jul 1944, 24:00, , ,8.249, , , , , , , 
287,31 Aug 1944, 24:00, , ,9.228, , , , , , , 
288,30 Sep 1944, 24:00, , ,8.144, , , , , , , 
289,31 Oct 1944, 24:00, , ,6.012, , , , , , , 
290,30 Nov 1944, 24:00, , ,6.841, , , , , , , 
291,31 Dec 1944, 24:00, , ,12.853, , , , , , , 
292,31 Jan 1945, 24:00, , ,14.620, , , , , , , 
293,28 Feb 1945, 24:00, , ,12.942, , , , , , , 
294,31 Mar 1945, 24:00, , ,14.491, , , , , , , 
295,30 Apr 1945, 24:00, , ,14.284, , , , , , , 
296,31 May 1945, 24:00, , ,14.778, , , , , , , 
297,30 Jun 1945, 24:00, , ,14.126, , , , , , , 
298,31 Jul 1945, 24:00, , ,14.472, , , , , , , 
299,31 Aug 1945, 24:00, , ,14.343, , , , , , , 
300,30 Sep 1945, 24:00, , ,8.756, , , , , , , 
301,31 Oct 1945, 24:00, , ,12.902, , , , , , , 
302,30 Nov 1945, 24:00, , ,11.634, , , , , , , 
303,31 Dec 1945, 24:00, , ,6.553, , , , , , , 
304,31 Jan 1946, 24:00, , ,10.133, , , , , , , 
305,28 Feb 1946, 24:00, , ,14.840, , , , , , , 
306,31 Mar 1946, 24:00, , ,15.874, , , , , , , 
307,30 Apr 1946, 24:00, , ,15.347, , , , , , , 
308,31 May 1946, 24:00, , ,15.824, , , , , , , 
309,30 Jun 1946, 24:00, , ,15.144, , , , , , , 
310,31 Jul 1946, 24:00, , ,14.667, , , , , , , 
311,31 Aug 1946, 24:00, , ,15.398, , , , , , , 
312,30 Sep 1946, 24:00, , ,12.121, , , , , , , 
313,31 Oct 1946, 24:00, , ,13.462, , , , , , , 
314,30 Nov 1946, 24:00, , ,4.905, , , , , , , 
315,31 Dec 1946, 24:00, , ,8.286, , , , , , , 
316,31 Jan 1947, 24:00, , ,10.754, , , , , , , 
317,28 Feb 1947, 24:00, , ,10.573, , , , , , , 
318,31 Mar 1947, 24:00, , ,14.104, , , , , , , 
319,30 Apr 1947, 24:00, , ,5.979, , , , , , , 
320,31 May 1947, 24:00, , ,14.265, , , , , , , 
321,30 Jun 1947, 24:00, , ,13.623, , , , , , , 
322,31 Jul 1947, 24:00, , ,14.185, , , , , , , 
323,31 Aug 1947, 24:00, , ,13.994, , , , , , , 
324,30 Sep 1947, 24:00, , ,13.452, , , , , , , 
325,31 Oct 1947, 24:00, , ,5.395, , , , , , , 
326,30 Nov 1947, 24:00, , ,7.318, , , , , , , 
327,31 Dec 1947, 24:00, , ,12.318, , , , , , , 
328,31 Jan 1948, 24:00, , ,15.297, , , , , , , 
329,29 Feb 1948, 24:00, , ,14.488, , , , , , , 
330,31 Mar 1948, 24:00, , ,15.237, , , , , , , 
331,30 Apr 1948, 24:00, , ,14.587, , , , , , , 
332,31 May 1948, 24:00, , ,15.435, , , , , , , 
333,30 Jun 1948, 24:00, , ,14.419, , , , , , , 
334,31 Jul 1948, 24:00, , ,15.011, , , , , , , 
335,31 Aug 1948, 24:00, , ,14.892, , , , , , , 
336,30 Sep 1948, 24:00, , ,9.271, , , , , , , 
337,31 Oct 1948, 24:00, , ,15.113, , , , , , , 
338,30 Nov 1948, 24:00, , ,14.808, , , , , , , 
339,31 Dec 1948, 24:00, , ,15.368, , , , , , , 
340,31 Jan 1949, 24:00, , ,4.447, , , , , , , 
341,28 Feb 1949, 24:00, , ,10.218, , , , , , , 
342,31 Mar 1949, 24:00, , ,14.635, , , , , , , 
343,30 Apr 1949, 24:00, , ,15.195, , , , , , , 
344,31 May 1949, 24:00, , ,10.126, , , , , , , 
345,30 Jun 1949, 24:00, , ,4.407, , , , , , , 
346,31 Jul 1949, 24:00, , ,8.600, , , , , , , 
347,31 Aug 1949, 24:00, , ,13.994, , , , , , , 
348,30 Sep 1949, 24:00, , ,6.737, , , , , , , 
349,31 Oct 1949, 24:00, , ,5.412, , , , , , , 
350,30 Nov 1949, 24:00, , ,7.341, , , , , , , 
351,31 Dec 1949, 24:00, , ,12.357, , , , , , , 
352,31 Jan 1950, 24:00, , , ,15.344, , , , , , 
353,28 Feb 1950, 24:00, , , ,14.533, , , , , , 
354,31 Mar 1950, 24:00, , , ,15.285, , , , , , 
355,30 Apr 1950, 24:00, , , ,14.632, , , , , , 
356,31 May 1950, 24:00, , , ,15.483, , , , , , 
357,30 Jun 1950, 24:00, , , ,14.464, , , , , , 
358,31 Jul 1950, 24:00, , , ,15.058, , , , , , 
359,31 Aug 1950, 24:00, , , ,14.939, , , , , , 
360,30 Sep 1950, 24:00, , , ,9.300, , , , , , 
361,31 Oct 1950, 24:00, , , ,0.330, , , , , , 
362,30 Nov 1950, 24:00, , , ,0.210, , , , , , 
363,31 Dec 1950, 24:00, , , ,5.224, , , , , , 
364,31 Jan 1951, 24:00, , , ,13.216, , , , , , 
365,28 Feb 1951, 24:00, , , ,5.504, , , , , , 
366,31 Mar 1951, 24:00, , , ,0.000, , , , , , 
367,30 Apr 1951, 24:00, , , ,2.358, , , , , , 
368,31 May 1951, 24:00, , , ,9.979, , , , , , 
369,30 Jun 1951, 24:00, , , ,7.962, , , , , , 
370,31 Jul 1951, 24:00, , , ,8.701, , , , , , 
371,31 Aug 1951, 24:00, , , ,8.161, , , , , , 
372,30 Sep 1951, 24:00, , , ,7.582, , , , , , 
373,31 Oct 1951, 24:00, , , ,6.869, , , , , , 
374,30 Nov 1951, 24:00, , , ,10.984, , , , , , 
375,31 Dec 1951, 24:00, , , ,16.018, , , , , , 
376,31 Jan 1952, 24:00, , , ,15.945, , , , , , 
377,29 Feb 1952, 24:00, , , ,14.636, , , , , , 
378,31 Mar 1952, 24:00, , , ,15.935, , , , , , 
379,30 Apr 1952, 24:00, , , ,15.646, , , , , , 
380,31 May 1952, 24:00, , , ,15.729, , , , , , 
381,30 Jun 1952, 24:00, , , ,14.862, , , , , , 
382,31 Jul 1952, 24:00, , , ,15.203, , , , , , 
383,31 Aug 1952, 24:00, , , ,14.976, , , , , , 
384,30 Sep 1952, 24:00, , , ,5.869, , , , , , 
385,31 Oct 1952, 24:00, , , ,9.542, , , , , , 
386,30 Nov 1952, 24:00, , , ,15.320, , , , , , 
387,31 Dec 1952, 24:00, , , ,15.553, , , , , , 
388,31 Jan 1953, 24:00, , , ,15.806, , , , , , 
389,28 Feb 1953, 24:00, , , ,13.883, , , , , , 
390,31 Mar 1953, 24:00, , , ,15.796, , , , , , 
391,30 Apr 1953, 24:00, , , ,14.855, , , , , , 
392,31 May 1953, 24:00, , , ,15.816, , , , , , 
393,30 Jun 1953, 24:00, , , ,14.905, , , , , , 
394,31 Jul 1953, 24:00, , , ,15.290, , , , , , 
395,31 Aug 1953, 24:00, , , ,15.391, , , , , , 
396,30 Sep 1953, 24:00, , , ,9.522, , , , , , 
397,31 Oct 1953, 24:00, , , ,12.762, , , , , , 
398,30 Nov 1953, 24:00, , , ,11.508, , , , , , 
399,31 Dec 1953, 24:00, , , ,6.481, , , , , , 
400,31 Jan 1954, 24:00, , , ,10.023, , , , , , 
401,28 Feb 1954, 24:00, , , ,14.678, , , , , , 
402,31 Mar 1954, 24:00, , , ,15.702, , , , , , 
403,30 Apr 1954, 24:00, , , ,15.180, , , , , , 
404,31 May 1954, 24:00, , , ,15.652, , , , , , 
405,30 Jun 1954, 24:00, , , ,14.979, , , , , , 
406,31 Jul 1954, 24:00, , , ,14.508, , , , , , 
407,31 Aug 1954, 24:00, , , ,15.230, , , , , , 
408,30 Sep 1954, 24:00, , , ,11.990, , , , , , 
409,31 Oct 1954, 24:00, , , ,0.611, , , , , , 
410,30 Nov 1954, 24:00, , , ,5.551, , , , , , 
411,31 Dec 1954, 24:00, , , ,12.175, , , , , , 
412,31 Jan 1955, 24:00, , , ,7.265, , , , , , 
413,28 Feb 1955, 24:00, , , ,12.134, , , , , , 
414,31 Mar 1955, 24:00, , , ,14.840, , , , , , 
415,30 Apr 1955, 24:00, , , ,6.253, , , , , , 
416,31 May 1955, 24:00, , , ,13.137, , , , , , 
417,30 Jun 1955, 24:00, , , ,13.157, , , , , , 
418,31 Jul 1955, 24:00, , , ,11.373, , , , , , 
419,31 Aug 1955, 24:00, , , ,13.347, , , , , , 
420,30 Sep 1955, 24:00, , , ,0.080, , , , , , 
421,31 Oct 1955, 24:00, , , ,6.859, , , , , , 
422,30 Nov 1955, 24:00, , , ,10.968, , , , , , 
423,31 Dec 1955, 24:00, , , ,15.994, , , , , , 
424,31 Jan 1956, 24:00, , , ,15.921, , , , , , 
425,29 Feb 1956, 24:00, , , ,14.614, , , , , , 
426,31 Mar 1956, 24:00, , , ,15.911, , , , , , 
427,30 Apr 1956, 24:00, , , ,15.623, , , , , , 
428,31 May 1956, 24:00, , , ,15.705, , , , , , 
429,30 Jun 1956, 24:00, , , ,14.840, , , , , , 
430,31 Jul 1956, 24:00, , , ,15.180, , , , , , 
431,31 Aug 1956, 24:00, , , ,14.953, , , , , , 
432,30 Sep 1956, 24:00, , , ,5.860, , , , , , 
433,31 Oct 1956, 24:00, , , ,6.867, , , , , , 
434,30 Nov 1956, 24:00, , , ,12.032, , , , , , 
435,31 Dec 1956, 24:00, , , ,14.279, , , , , , 
436,31 Jan 1957, 24:00, , , ,14.348, , , , , , 
437,28 Feb 1957, 24:00, , , ,14.170, , , , , , 
438,31 Mar 1957, 24:00, , , ,14.120, , , , , , 
439,30 Apr 1957, 24:00, , , ,13.635, , , , , , 
440,31 May 1957, 24:00, , , ,13.725, , , , , , 
441,30 Jun 1957, 24:00, , , ,13.289, , , , , , 
442,31 Jul 1957, 24:00, , , ,11.924, , , , , , 
443,31 Aug 1957, 24:00, , , ,11.459, , , , , , 
444,30 Sep 1957, 24:00, , , ,13.873, , , , , , 
445,31 Oct 1957, 24:00, , , ,4.549, , , , , , 
446,30 Nov 1957, 24:00, , , ,5.509, , , , , , 
447,31 Dec 1957, 24:00, , , ,13.850, , , , , , 
448,31 Jan 1958, 24:00, , , ,14.626, , , , , , 
449,28 Feb 1958, 24:00, , , ,12.036, , , , , , 
450,31 Mar 1958, 24:00, , , ,14.296, , , , , , 
451,30 Apr 1958, 24:00, , , ,14.044, , , , , , 
452,31 May 1958, 24:00, , , ,9.670, , , , , , 
453,30 Jun 1958, 24:00, , , ,11.027, , , , , , 
454,31 Jul 1958, 24:00, , , ,14.112, , , , , , 
455,31 Aug 1958, 24:00, , , ,14.218, , , , , , 
456,30 Sep 1958, 24:00, , , ,8.797, , , , , , 
457,31 Oct 1958, 24:00, , , ,9.285, , , , , , 
458,30 Nov 1958, 24:00, , , ,9.073, , , , , , 
459,31 Dec 1958, 24:00, , , ,1.601, , , , , , 
460,31 Jan 1959, 24:00, , , ,1.728, , , , , , 
461,28 Feb 1959, 24:00, , , ,8.575, , , , , , 
462,31 Mar 1959, 24:00, , , ,10.420, , , , , , 
463,30 Apr 1959, 24:00, , , ,9.137, , , , , , 
464,31 May 1959, 24:00, , , ,8.247, , , , , , 
465,30 Jun 1959, 24:00, , , ,7.982, , , , , , 
466,31 Jul 1959, 24:00, , , ,8.310, , , , , , 
467,31 Aug 1959, 24:00, , , ,9.296, , , , , , 
468,30 Sep 1959, 24:00, , , ,8.204, , , , , , 
469,31 Oct 1959, 24:00, , , ,9.100, , , , , , 
470,30 Nov 1959, 24:00, , , ,13.894, , , , , , 
471,31 Dec 1959, 24:00, , , ,11.522, , , , , , 
472,31 Jan 1960, 24:00, , , , ,9.745, , , , , 
473,29 Feb 1960, 24:00, , , , ,10.223, , , , , 
474,31 Mar 1960, 24:00, , , , ,12.303, , , , , 
475,30 Apr 1960, 24:00, , , , ,13.611, , , , , 
476,31 May 1960, 24:00, , , , ,14.295, , , , , 
477,30 Jun 1960, 24:00, , , , ,13.191, , , , , 
478,31 Jul 1960, 24:00, , , , ,13.084, , , , , 
479,31 Aug 1960, 24:00, , , , ,13.289, , , , , 
480,30 Sep 1960, 24:00, , , , ,12.830, , , , , 
481,31 Oct 1960, 24:00, , , , ,14.873, , , , , 
482,30 Nov 1960, 24:00, , , , ,14.572, , , , , 
483,31 Dec 1960, 24:00, , , , ,15.123, , , , , 
484,31 Jan 1961, 24:00, , , , ,4.377, , , , , 
485,28 Feb 1961, 24:00, , , , ,10.055, , , , , 
486,31 Mar 1961, 24:00, , , , ,14.402, , , , , 
487,30 Apr 1961, 24:00, , , , ,14.953, , , , , 
488,31 May 1961, 24:00, , , , ,9.965, , , , , 
489,30 Jun 1961, 24:00, , , , ,4.337, , , , , 
490,31 Jul 1961, 24:00, , , , ,8.463, , , , , 
491,31 Aug 1961, 24:00, , , , ,13.771, , , , , 
492,30 Sep 1961, 24:00, , , , ,6.630, , , , , 
493,31 Oct 1961, 24:00, , , , ,6.138, , , , , 
494,30 Nov 1961, 24:00, , , , ,6.985, , , , , 
495,31 Dec 1961, 24:00, , , , ,13.123, , , , , 
496,31 Jan 1962, 24:00, , , , ,14.927, , , , , 
497,28 Feb 1962, 24:00, , , , ,13.214, , , , , 
498,31 Mar 1962, 24:00, , , , ,14.796, , , , , 
499,30 Apr 1962, 24:00, , , , ,14.585, , , , , 
500,31 May 1962, 24:00, , , , ,15.089, , , , , 
501,30 Jun 1962, 24:00, , , , ,14.423, , , , , 
502,31 Jul 1962, 24:00, , , , ,14.776, , , , , 
503,31 Aug 1962, 24:00, , , , ,14.645, , , , , 
504,30 Sep 1962, 24:00, , , , ,8.940, , , , , 
505,31 Oct 1962, 24:00, , , , ,2.750, , , , , 
506,30 Nov 1962, 24:00, , , , ,12.660, , , , , 
507,31 Dec 1962, 24:00, , , , ,4.913, , , , , 
508,31 Jan 1963, 24:00, , , , ,3.254, , , , , 
509,28 Feb 1963, 24:00, , , , ,2.037, , , , , 
510,31 Mar 1963, 24:00, , , , ,7.391, , , , , 
511,30 Apr 1963, 24:00, , , , ,12.944, , , , , 
512,31 May 1963, 24:00, , , , ,13.668, , , , , 
513,30 Jun 1963, 24:00, , , , ,13.322, , , , , 
514,31 Jul 1963, 24:00, , , , ,12.660, , , , , 
515,31 Aug 1963, 24:00, , , , ,12.923, , , , , 
516,30 Sep 1963, 24:00, , , , ,13.500, , , , , 
517,31 Oct 1963, 24:00, , , , ,13.171, , , , , 
518,30 Nov 1963, 24:00, , , , ,4.799, , , , , 
519,31 Dec 1963, 24:00, , , , ,8.107, , , , , 
520,31 Jan 1964, 24:00, , , , ,10.521, , , , , 
521,29 Feb 1964, 24:00, , , , ,10.345, , , , , 
522,31 Mar 1964, 24:00, , , , ,13.799, , , , , 
523,30 Apr 1964, 24:00, , , , ,5.849, , , , , 
524,31 May 1964, 24:00, , , , ,13.956, , , , , 
525,30 Jun 1964, 24:00, , , , ,13.328, , , , , 
526,31 Jul 1964, 24:00, , , , ,13.878, , , , , 
527,31 Aug 1964, 24:00, , , , ,13.691, , , , , 
528,30 Sep 1964, 24:00, , , , ,13.161, , , , , 
529,31 Oct 1964, 24:00, , , , ,4.588, , , , , 
530,30 Nov 1964, 24:00, , , , ,5.556, , , , , 
531,31 Dec 1964, 24:00, , , , ,13.968, , , , , 
532,31 Jan 1965, 24:00, , , , ,14.751, , , , , 
533,28 Feb 1965, 24:00, , , , ,12.139, , , , , 
534,31 Mar 1965, 24:00, , , , ,14.418, , , , , 
535,30 Apr 1965, 24:00, , , , ,14.164, , , , , 
536,31 May 1965, 24:00, , , , ,9.752, , , , , 
537,30 Jun 1965, 24:00, , , , ,11.122, , , , , 
538,31 Jul 1965, 24:00, , , , ,14.232, , , , , 
539,31 Aug 1965, 24:00, , , , ,14.340, , , , , 
540,30 Sep 1965, 24:00, , , , ,8.872, , , , , 
541,31 Oct 1965, 24:00, , , , ,9.272, , , , , 
542,30 Nov 1965, 24:00, , , , ,9.061, , , , , 
543,31 Dec 1965, 24:00, , , , ,1.598, , , , , 
544,31 Jan 1966, 24:00, , , , ,1.725, , , , , 
545,28 Feb 1966, 24:00, , , , ,8.563, , , , , 
546,31 Mar 1966, 24:00, , , , ,10.405, , , , , 
547,30 Apr 1966, 24:00, , , , ,9.124, , , , , 
548,31 May 1966, 24:00, , , , ,8.235, , , , , 
549,30 Jun 1966, 24:00, , , , ,7.970, , , , , 
550,31 Jul 1966, 24:00, , , , ,8.299, , , , , 
551,31 Aug 1966, 24:00, , , , ,9.283, , , , , 
552,30 Sep 1966, 24:00, , , , ,8.193, , , , , 
553,31 Oct 1966, 24:00, , , , ,2.743, , , , , 
554,30 Nov 1966, 24:00, , , , ,12.626, , , , , 
555,31 Dec 1966, 24:00, , , , ,4.900, , , , , 
556,31 Jan 1967, 24:00, , , , ,3.246, , , , , 
557,28 Feb 1967, 24:00, , , , ,2.031, , , , , 
558,31 Mar 1967, 24:00, , , , ,7.371, , , , , 
559,30 Apr 1967, 24:00, , , , ,12.909, , , , , 
560,31 May 1967, 24:00, , , , ,13.631, , , , , 
561,30 Jun 1967, 24:00, , , , ,13.286, , , , , 
562,31 Jul 1967, 24:00, , , , ,12.626, , , , , 
563,31 Aug 1967, 24:00, , , , ,12.888, , , , , 
564,30 Sep 1967, 24:00, , , , ,13.464, , , , , 
565,31 Oct 1967, 24:00, , , , ,7.195, , , , , 
566,30 Nov 1967, 24:00, , , , ,12.607, , , , , 
567,31 Dec 1967, 24:00, , , , ,14.960, , , , , 
568,31 Jan 1968, 24:00, , , , ,15.033, , , , , 
569,29 Feb 1968, 24:00, , , , ,14.846, , , , , 
570,31 Mar 1968, 24:00, , , , ,14.794, , , , , 
571,30 Apr 1968, 24:00, , , , ,14.286, , , , , 
572,31 May 1968, 24:00, , , , ,14.379, , , , , 
573,30 Jun 1968, 24:00, , , , ,13.923, , , , , 
574,31 Jul 1968, 24:00, , , , ,12.493, , , , , 
575,31 Aug 1968, 24:00, , , , ,12.005, , , , , 
576,30 Sep 1968, 24:00, , , , ,14.535, , , , , 
577,31 Oct 1968, 24:00, , , , ,1.548, , , , , 
578,30 Nov 1968, 24:00, , , , ,2.740, , , , , 
579,31 Dec 1968, 24:00, , , , ,12.294, , , , , 
580,31 Jan 1969, 24:00, , , , ,15.971, , , , , 
581,28 Feb 1969, 24:00, , , , ,14.402, , , , , 
582,31 Mar 1969, 24:00, , , , ,15.848, , , , , 
583,30 Apr 1969, 24:00, , , , ,15.288, , , , , 
584,31 May 1969, 24:00, , , , ,16.022, , , , , 
585,30 Jun 1969, 24:00, , , , ,15.237, , , , , 
586,31 Jul 1969, 24:00, , , , ,15.573, , , , , 
587,31 Aug 1969, 24:00, , , , ,15.614, , , , , 
588,30 Sep 1969, 24:00, , , , ,13.659, , , , , 
589,31 Oct 1969, 24:00, , , , ,2.749, , , , , 
590,30 Nov 1969, 24:00, , , , ,12.654, , , , , 
591,31 Dec 1969, 24:00, , , , ,4.911, , , , , 
592,31 Jan 1970, 24:00, , , , , ,3.253, , , , 
593,28 Feb 1970, 24:00, , , , , ,2.036, , , , 
594,31 Mar 1970, 24:00, , , , , ,7.387, , , , 
595,30 Apr 1970, 24:00, , , , , ,12.938, , , , 
596,31 May 1970, 24:00, , , , , ,13.662, , , , 
597,30 Jun 1970, 24:00, , , , , ,13.315, , , , 
598,31 Jul 1970, 24:00, , , , , ,12.654, , , , 
599,31 Aug 1970, 24:00, , , , , ,12.917, , , , 
600,30 Sep 1970, 24:00, , , , , ,13.494, , , , 
601,31 Oct 1970, 24:00, , , , , ,13.072, , , , 
602,30 Nov 1970, 24:00, , , , , ,14.072, , , , 
603,31 Dec 1970, 24:00, , , , , ,11.345, , , , 
604,31 Jan 1971, 24:00, , , , , ,14.809, , , , 
605,28 Feb 1971, 24:00, , , , , ,14.227, , , , 
606,31 Mar 1971, 24:00, , , , , ,15.188, , , , 
607,30 Apr 1971, 24:00, , , , , ,14.596, , , , 
608,31 May 1971, 24:00, , , , , ,14.732, , , , 
609,30 Jun 1971, 24:00, , , , , ,14.470, , , , 
610,31 Jul 1971, 24:00, , , , , ,15.003, , , , 
611,31 Aug 1971, 24:00, , , , , ,15.013, , , , 
612,30 Sep 1971, 24:00, , , , , ,9.365, , , , 
613,31 Oct 1971, 24:00, , , , , ,9.072, , , , 
614,30 Nov 1971, 24:00, , , , , ,13.851, , , , 
615,31 Dec 1971, 24:00, , , , , ,11.486, , , , 
616,31 Jan 1972, 24:00, , , , , ,9.714, , , , 
617,29 Feb 1972, 24:00, , , , , ,10.191, , , , 
618,31 Mar 1972, 24:00, , , , , ,12.265, , , , 
619,30 Apr 1972, 24:00, , , , , ,13.569, , , , 
620,31 May 1972, 24:00, , , , , ,14.250, , , , 
621,30 Jun 1972, 24:00, , , , , ,13.151, , , , 
622,31 Jul 1972, 24:00, , , , , ,13.043, , , , 
623,31 Aug 1972, 24:00, , , , , ,13.248, , , , 
624,30 Sep 1972, 24:00, , , , , ,12.790, , , , 
625,31 Oct 1972, 24:00, , , , , ,9.503, , , , 
626,30 Nov 1972, 24:00, , , , , ,14.076, , , , 
627,31 Dec 1972, 24:00, , , , , ,15.581, , , , 
628,31 Jan 1973, 24:00, , , , , ,15.541, , , , 
629,28 Feb 1973, 24:00, , , , , ,14.215, , , , 
630,31 Mar 1973, 24:00, , , , , ,15.591, , , , 
631,30 Apr 1973, 24:00, , , , , ,14.937, , , , 
632,31 May 1973, 24:00, , , , , ,15.571, , , , 
633,30 Jun 1973, 24:00, , , , , ,14.710, , , , 
634,31 Jul 1973, 24:00, , , , , ,15.294, , , , 
635,31 Aug 1973, 24:00, , , , , ,15.284, , , , 
636,30 Sep 1973, 24:00, , , , , ,14.046, , , , 
637,31 Oct 1973, 24:00, , , , , ,6.541, , , , 
638,30 Nov 1973, 24:00, , , , , ,10.459, , , , 
639,31 Dec 1973, 24:00, , , , , ,15.251, , , , 
640,31 Jan 1974, 24:00, , , , , ,15.183, , , , 
641,28 Feb 1974, 24:00, , , , , ,13.935, , , , 
642,31 Mar 1974, 24:00, , , , , ,15.173, , , , 
643,30 Apr 1974, 24:00, , , , , ,14.898, , , , 
644,31 May 1974, 24:00, , , , , ,14.976, , , , 
645,30 Jun 1974, 24:00, , , , , ,14.152, , , , 
646,31 Jul 1974, 24:00, , , , , ,14.476, , , , 
647,31 Aug 1974, 24:00, , , , , ,14.260, , , , 
648,30 Sep 1974, 24:00, , , , , ,5.588, , , , 
649,31 Oct 1974, 24:00, , , , , ,9.280, , , , 
650,30 Nov 1974, 24:00, , , , , ,13.745, , , , 
651,31 Dec 1974, 24:00, , , , , ,15.215, , , , 
652,31 Jan 1975, 24:00, , , , , ,15.176, , , , 
653,28 Feb 1975, 24:00, , , , , ,13.881, , , , 
654,31 Mar 1975, 24:00, , , , , ,15.224, , , , 
655,30 Apr 1975, 24:00, , , , , ,14.586, , , , 
656,31 May 1975, 24:00, , , , , ,15.205, , , , 
657,30 Jun 1975, 24:00, , , , , ,14.364, , , , 
658,31 Jul 1975, 24:00, , , , , ,14.934, , , , 
659,31 Aug 1975, 24:00, , , , , ,14.925, , , , 
660,30 Sep 1975, 24:00, , , , , ,13.716, , , , 
661,31 Oct 1975, 24:00, , , , , ,12.990, , , , 
662,30 Nov 1975, 24:00, , , , , ,12.980, , , , 
663,31 Dec 1975, 24:00, , , , , ,12.600, , , , 
664,31 Jan 1976, 24:00, , , , , ,13.720, , , , 
665,29 Feb 1976, 24:00, , , , , ,6.400, , , , 
666,31 Mar 1976, 24:00, , , , , ,4.870, , , , 
667,30 Apr 1976, 24:00, , , , , ,0.450, , , , 
668,31 May 1976, 24:00, , , , , ,0.850, , , , 
669,30 Jun 1976, 24:00, , , , , ,1.520, , , , 
670,31 Jul 1976, 24:00, , , , , ,1.510, , , , 
671,31 Aug 1976, 24:00, , , , , ,0.190, , , , 
672,30 Sep 1976, 24:00, , , , , ,12.450, , , , 
673,31 Oct 1976, 24:00, , , , , ,10.470, , , , 
674,30 Nov 1976, 24:00, , , , , ,6.620, , , , 
675,31 Dec 1976, 24:00, , , , , ,0.520, , , , 
676,31 Jan 1977, 24:00, , , , , ,0.000, , , , 
677,28 Feb 1977, 24:00, , , , , ,0.000, , , , 
678,31 Mar 1977, 24:00, , , , , ,0.000, , , , 
679,30 Apr 1977, 24:00, , , , , ,0.060, , , , 
680,31 May 1977, 24:00, , , , , ,0.000, , , , 
681,30 Jun 1977, 24:00, , , , , ,0.650, , , , 
682,31 Jul 1977, 24:00, , , , , ,0.190, , , , 
683,31 Aug 1977, 24:00, , , , , ,0.000, , , , 
684,30 Sep 1977, 24:00, , , , , ,0.340, , , , 
685,31 Oct 1977, 24:00, , , , , ,0.330, , , , 
686,30 Nov 1977, 24:00, , , , , ,0.210, , , , 
687,31 Dec 1977, 24:00, , , , , ,5.230, , , , 
688,31 Jan 1978, 24:00, , , , , ,13.230, , , , 
689,28 Feb 1978, 24:00, , , , , ,5.510, , , , 
690,31 Mar 1978, 24:00, , , , , ,0.000, , , , 
691,30 Apr 1978, 24:00, , , , , ,2.360, , , , 
692,31 May 1978, 24:00, , , , , ,9.990, , , , 
693,30 Jun 1978, 24:00, , , , , ,7.970, , , , 
694,31 Jul 1978, 24:00, , , , , ,8.710, , , , 
695,31 Aug 1978, 24:00, , , , , ,8.170, , , , 
696,30 Sep 1978, 24:00, , , , , ,7.590, , , , 
697,31 Oct 1978, 24:00, , , , , ,8.760, , , , 
698,30 Nov 1978, 24:00, , , , , ,8.560, , , , 
699,31 Dec 1978, 24:00, , , , , ,1.510, , , , 
700,31 Jan 1979, 24:00, , , , , ,1.630, , , , 
701,28 Feb 1979, 24:00, , , , , ,8.090, , , , 
702,31 Mar 1979, 24:00, , , , , ,9.830, , , , 
703,30 Apr 1979, 24:00, , , , , ,8.620, , , , 
704,31 May 1979, 24:00, , , , , ,7.780, , , , 
705,30 Jun 1979, 24:00, , , , , ,7.530, , , , 
706,31 Jul 1979, 24:00, , , , , ,7.840, , , , 
707,31 Aug 1979, 24:00, , , , , ,8.770, , , , 
708,30 Sep 1979, 24:00, , , , , ,7.740, , , , 
709,31 Oct 1979, 24:00, , , , , ,14.620, , , , 
710,30 Nov 1979, 24:00, , , , , ,1.420, , , , 
711,31 Dec 1979, 24:00, , , , , ,3.380, , , , 
712,31 Jan 1980, 24:00, , , , , , ,12.920, , , 
713,29 Feb 1980, 24:00, , , , , , ,12.950, , , 
714,31 Mar 1980, 24:00, , , , , , ,14.490, , , 
715,30 Apr 1980, 24:00, , , , , , ,14.380, , , 
716,31 May 1980, 24:00, , , , , , ,13.660, , , 
717,30 Jun 1980, 24:00, , , , , , ,14.090, , , 
718,31 Jul 1980, 24:00, , , , , , ,14.620, , , 
719,31 Aug 1980, 24:00, , , , , , ,14.720, , , 
720,30 Sep 1980, 24:00, , , , , , ,14.270, , , 
721,31 Oct 1980, 24:00, , , , , , ,0.610, , , 
722,30 Nov 1980, 24:00, , , , , , ,5.540, , , 
723,31 Dec 1980, 24:00, , , , , , ,12.150, , , 
724,31 Jan 1981, 24:00, , , , , , ,7.250, , , 
725,28 Feb 1981, 24:00, , , , , , ,12.110, , , 
726,31 Mar 1981, 24:00, , , , , , ,14.810, , , 
727,30 Apr 1981, 24:00, , , , , , ,6.240, , , 
728,31 May 1981, 24:00, , , , , , ,13.110, , , 
729,30 Jun 1981, 24:00, , , , , , ,13.130, , , 
730,31 Jul 1981, 24:00, , , , , , ,11.350, , , 
731,31 Aug 1981, 24:00, , , , , , ,13.320, , , 
732,30 Sep 1981, 24:00, , , , , , ,0.080, , , 
733,31 Oct 1981, 24:00, , , , , , ,6.620, , , 
734,30 Nov 1981, 24:00, , , , , , ,11.200, , , 
735,31 Dec 1981, 24:00, , , , , , ,14.760, , , 
736,31 Jan 1982, 24:00, , , , , , ,14.810, , , 
737,28 Feb 1982, 24:00, , , , , , ,13.350, , , 
738,31 Mar 1982, 24:00, , , , , , ,14.820, , , 
739,30 Apr 1982, 24:00, , , , , , ,14.240, , , 
740,31 May 1982, 24:00, , , , , , ,14.790, , , 
741,30 Jun 1982, 24:00, , , , , , ,14.320, , , 
742,31 Jul 1982, 24:00, , , , , , ,14.740, , , 
743,31 Aug 1982, 24:00, , , , , , ,14.400, , , 
744,30 Sep 1982, 24:00, , , , , , ,8.770, , , 
745,31 Oct 1982, 24:00, , , , , , ,11.490, , , 
746,30 Nov 1982, 24:00, , , , , , ,14.570, , , 
747,31 Dec 1982, 24:00, , , , , , ,14.990, , , 
748,31 Jan 1983, 24:00, , , , , , ,15.030, , , 
749,28 Feb 1983, 24:00, , , , , , ,13.590, , , 
750,31 Mar 1983, 24:00, , , , , , ,3.820, , , 
751,30 Apr 1983, 24:00, , , , , , ,12.140, , , 
752,31 May 1983, 24:00, , , , , , ,14.810, , , 
753,30 Jun 1983, 24:00, , , , , , ,14.220, , , 
754,31 Jul 1983, 24:00, , , , , , ,14.690, , , 
755,31 Aug 1983, 24:00, , , , , , ,14.660, , , 
756,30 Sep 1983, 24:00, , , , , , ,11.040, , , 
757,31 Oct 1983, 24:00, , , , , , ,8.520, , , 
758,30 Nov 1983, 24:00, , , , , , ,11.560, , , 
759,31 Dec 1983, 24:00, , , , , , ,15.030, , , 
760,31 Jan 1984, 24:00, , , , , , ,15.050, , , 
761,29 Feb 1984, 24:00, , , , , , ,13.650, , , 
762,31 Mar 1984, 24:00, , , , , , ,15.060, , , 
763,30 Apr 1984, 24:00, , , , , , ,14.480, , , 
764,31 May 1984, 24:00, , , , , , ,12.640, , , 
765,30 Jun 1984, 24:00, , , , , , ,12.550, , , 
766,31 Jul 1984, 24:00, , , , , , ,14.630, , , 
767,31 Aug 1984, 24:00, , , , , , ,14.870, , , 
768,30 Sep 1984, 24:00, , , , , , ,12.340, , , 
769,31 Oct 1984, 24:00, , , , , , ,14.850, , , 
770,30 Nov 1984, 24:00, , , , , , ,14.550, , , 
771,31 Dec 1984, 24:00, , , , , , ,15.100, , , 
772,31 Jan 1985, 24:00, , , , , , ,4.370, , , 
773,28 Feb 1985, 24:00, , , , , , ,10.040, , , 
774,31 Mar 1985, 24:00, , , , , , ,14.380, , , 
775,30 Apr 1985, 24:00, , , , , , ,14.930, , , 
776,31 May 1985, 24:00, , , , , , ,9.950, , , 
777,30 Jun 1985, 24:00, , , , , , ,4.330, , , 
778,31 Jul 1985, 24:00, , , , , , ,8.450, , , 
779,31 Aug 1985, 24:00, , , , , , ,13.750, , , 
780,30 Sep 1985, 24:00, , , , , , ,6.620, , , 
781,31 Oct 1985, 24:00, , , , , , ,4.690, , , 
782,30 Nov 1985, 24:00, , , , , , ,5.680, , , 
783,31 Dec 1985, 24:00, , , , , , ,14.280, , , 
784,31 Jan 1986, 24:00, , , , , , ,15.080, , , 
785,28 Feb 1986, 24:00, , , , , , ,12.410, , , 
786,31 Mar 1986, 24:00, , , , , , ,14.740, , , 
787,30 Apr 1986, 24:00, , , , , , ,14.480, , , 
788,31 May 1986, 24:00, , , , , , ,9.970, , , 
789,30 Jun 1986, 24:00, , , , , , ,11.370, , , 
790,31 Jul 1986, 24:00, , , , , , ,14.550, , , 
791,31 Aug 1986, 24:00, , , , , , ,14.660, , , 
792,30 Sep 1986, 24:00, , , , , , ,9.070, , , 
793,31 Oct 1986, 24:00, , , , , , ,0.350, , , 
794,30 Nov 1986, 24:00, , , , , , ,12.700, , , 
795,31 Dec 1986, 24:00, , , , , , ,11.010, , , 
796,31 Jan 1987, 24:00, , , , , , ,2.780, , , 
797,28 Feb 1987, 24:00, , , , , , ,6.880, , , 
798,31 Mar 1987, 24:00, , , , , , ,13.580, , , 
799,30 Apr 1987, 24:00, , , , , , ,14.540, , , 
800,31 May 1987, 24:00, , , , , , ,7.040, , , 
801,30 Jun 1987, 24:00, , , , , , ,5.140, , , 
802,31 Jul 1987, 24:00, , , , , , ,9.110, , , 
803,31 Aug 1987, 24:00, , , , , , ,14.020, , , 
804,30 Sep 1987, 24:00, , , , , , ,8.420, , , 
805,31 Oct 1987, 24:00, , , , , , ,12.430, , , 
806,30 Nov 1987, 24:00, , , , , , ,14.480, , , 
807,31 Dec 1987, 24:00, , , , , , ,14.950, , , 
808,31 Jan 1988, 24:00, , , , , , ,14.970, , , 
809,29 Feb 1988, 24:00, , , , , , ,11.920, , , 
810,31 Mar 1988, 24:00, , , , , , ,1.920, , , 
811,30 Apr 1988, 24:00, , , , , , ,1.680, , , 
812,31 May 1988, 24:00, , , , , , ,13.050, , , 
813,30 Jun 1988, 24:00, , , , , , ,11.030, , , 
814,31 Jul 1988, 24:00, , , , , , ,12.880, , , 
815,31 Aug 1988, 24:00, , , , , , ,14.090, , , 
816,30 Sep 1988, 24:00, , , , , , ,5.000, , , 
817,31 Oct 1988, 24:00, , , , , , ,6.090, , , 
818,30 Nov 1988, 24:00, , , , , , ,6.930, , , 
819,31 Dec 1988, 24:00, , , , , , ,13.020, , , 
820,31 Jan 1989, 24:00, , , , , , ,14.810, , , 
821,28 Feb 1989, 24:00, , , , , , ,13.110, , , 
822,31 Mar 1989, 24:00, , , , , , ,14.680, , , 
823,30 Apr 1989, 24:00, , , , , , ,14.470, , , 
824,31 May 1989, 24:00, , , , , , ,14.970, , , 
825,30 Jun 1989, 24:00, , , , , , ,14.310, , , 
826,31 Jul 1989, 24:00, , , , , , ,14.660, , , 
827,31 Aug 1989, 24:00, , , , , , ,14.530, , , 
828,30 Sep 1989, 24:00, , , , , , ,8.870, , , 
829,31 Oct 1989, 24:00, , , , , , ,12.450, , , 
830,30 Nov 1989, 24:00, , , , , , ,8.140, , , 
831,31 Dec 1989, 24:00, , , , , , ,14.660, , , 
832,31 Jan 1990, 24:00, , , , , , , ,14.090, , 
833,28 Feb 1990, 24:00, , , , , , , ,13.330, , 
834,31 Mar 1990, 24:00, , , , , , , ,14.910, , 
835,30 Apr 1990, 24:00, , , , , , , ,12.160, , 
836,31 May 1990, 24:00, , , , , , , ,9.650, , 
837,30 Jun 1990, 24:00, , , , , , , ,14.440, , 
838,31 Jul 1990, 24:00, , , , , , , ,14.770, , 
839,31 Aug 1990, 24:00, , , , , , , ,14.900, , 
840,30 Sep 1990, 24:00, , , , , , , ,9.060, , 
841,31 Oct 1990, 24:00, , , , , , , ,1.220, , 
842,30 Nov 1990, 24:00, , , , , , , ,14.390, , 
843,31 Dec 1990, 24:00, , , , , , , ,5.040, , 
844,31 Jan 1991, 24:00, , , , , , , ,1.800, , 
845,28 Feb 1991, 24:00, , , , , , , ,1.290, , 
846,31 Mar 1991, 24:00, , , , , , , ,12.710, , 
847,30 Apr 1991, 24:00, , , , , , , ,14.180, , 
848,31 May 1991, 24:00, , , , , , , ,14.720, , 
849,30 Jun 1991, 24:00, , , , , , , ,14.450, , 
850,31 Jul 1991, 24:00, , , , , , , ,14.740, , 
851,31 Aug 1991, 24:00, , , , , , , ,14.580, , 
852,30 Sep 1991, 24:00, , , , , , , ,4.120, , 
853,31 Oct 1991, 24:00, , , , , , , ,0.740, , 
854,30 Nov 1991, 24:00, , , , , , , ,14.830, , 
855,31 Dec 1991, 24:00, , , , , , , ,1.970, , 
856,31 Jan 1992, 24:00, , , , , , , ,7.670, , 
857,29 Feb 1992, 24:00, , , , , , , ,10.200, , 
858,31 Mar 1992, 24:00, , , , , , , ,15.620, , 
859,30 Apr 1992, 24:00, , , , , , , ,14.890, , 
860,31 May 1992, 24:00, , , , , , , ,15.490, , 
861,30 Jun 1992, 24:00, , , , , , , ,14.940, , 
862,31 Jul 1992, 24:00, , , , , , , ,15.480, , 
863,31 Aug 1992, 24:00, , , , , , , ,10.370, , 
864,30 Sep 1992, 24:00, , , , , , , ,0.450, , 
865,31 Oct 1992, 24:00, , , , , , , ,0.470, , 
866,30 Nov 1992, 24:00, , , , , , , ,8.590, , 
867,31 Dec 1992, 24:00, , , , , , , ,10.390, , 
868,31 Jan 1993, 24:00, , , , , , , ,15.100, , 
869,28 Feb 1993, 24:00, , , , , , , ,14.160, , 
870,31 Mar 1993, 24:00, , , , , , , ,15.670, , 
871,30 Apr 1993, 24:00, , , , , , , ,15.160, , 
872,31 May 1993, 24:00, , , , , , , ,15.340, , 
873,30 Jun 1993, 24:00, , , , , , , ,15.090, , 
874,31 Jul 1993, 24:00, , , , , , , ,15.040, , 
875,31 Aug 1993, 24:00, , , , , , , ,15.620, , 
876,30 Sep 1993, 24:00, , , , , , , ,3.560, , 
877,31 Oct 1993, 24:00, , , , , , , ,13.460, , 
878,30 Nov 1993, 24:00, , , , , , , ,13.870, , 
879,31 Dec 1993, 24:00, , , , , , , ,14.300, , 
880,31 Jan 1994, 24:00, , , , , , , ,8.430, , 
881,28 Feb 1994, 24:00, , , , , , , ,12.480, , 
882,31 Mar 1994, 24:00, , , , , , , ,14.950, , 
883,30 Apr 1994, 24:00, , , , , , , ,4.870, , 
884,31 May 1994, 24:00, , , , , , , ,2.710, , 
885,30 Jun 1994, 24:00, , , , , , , ,12.530, , 
886,31 Jul 1994, 24:00, , , , , , , ,11.660, , 
887,31 Aug 1994, 24:00, , , , , , , ,11.160, , 
888,30 Sep 1994, 24:00, , , , , , , ,6.620, , 
889,31 Oct 1994, 24:00, , , , , , , ,12.860, , 
890,30 Nov 1994, 24:00, , , , , , , ,9.210, , 
891,31 Dec 1994, 24:00, , , , , , , ,13.750, , 
892,31 Jan 1995, 24:00, , , , , , , ,15.360, , 
893,28 Feb 1995, 24:00, , , , , , , ,13.980, , 
894,31 Mar 1995, 24:00, , , , , , , ,14.840, , 
895,30 Apr 1995, 24:00, , , , , , , ,14.990, , 
896,31 May 1995, 24:00, , , , , , , ,15.400, , 
897,30 Jun 1995, 24:00, , , , , , , ,15.000, , 
898,31 Jul 1995, 24:00, , , , , , , ,15.300, , 
899,31 Aug 1995, 24:00, , , , , , , ,15.360, , 
900,30 Sep 1995, 24:00, , , , , , , ,7.530, , 
901,31 Oct 1995, 24:00, , , , , , , ,13.470, , 
902,30 Nov 1995, 24:00, , , , , , , ,14.500, , 
903,31 Dec 1995, 24:00, , , , , , , ,11.690, , 
904,31 Jan 1996, 24:00, , , , , , , ,15.260, , 
905,29 Feb 1996, 24:00, , , , , , , ,14.660, , 
906,31 Mar 1996, 24:00, , , , , , , ,15.650, , 
907,30 Apr 1996, 24:00, , , , , , , ,15.040, , 
908,31 May 1996, 24:00, , , , , , , ,15.180, , 
909,30 Jun 1996, 24:00, , , , , , , ,14.910, , 
910,31 Jul 1996, 24:00, , , , , , , ,15.460, , 
911,31 Aug 1996, 24:00, , , , , , , ,15.470, , 
912,30 Sep 1996, 24:00, , , , , , , ,9.650, , 
913,31 Oct 1996, 24:00, , , , , , , ,2.750, , 
914,30 Nov 1996, 24:00, , , , , , , ,4.640, , 
915,31 Dec 1996, 24:00, , , , , , , ,14.240, , 
916,31 Jan 1997, 24:00, , , , , , , ,14.480, , 
917,28 Feb 1997, 24:00, , , , , , , ,14.050, , 
918,31 Mar 1997, 24:00, , , , , , , ,15.590, , 
919,30 Apr 1997, 24:00, , , , , , , ,12.970, , 
920,31 May 1997, 24:00, , , , , , , ,10.700, , 
921,30 Jun 1997, 24:00, , , , , , , ,14.320, , 
922,31 Jul 1997, 24:00, , , , , , , ,15.340, , 
923,31 Aug 1997, 24:00, , , , , , , ,13.260, , 
924,30 Sep 1997, 24:00, , , , , , , ,5.840, , 
925,31 Oct 1997, 24:00, , , , , , , ,1.520, , 
926,30 Nov 1997, 24:00, , , , , , , ,2.690, , 
927,31 Dec 1997, 24:00, , , , , , , ,12.070, , 
928,31 Jan 1998, 24:00, , , , , , , ,15.680, , 
929,28 Feb 1998, 24:00, , , , , , , ,14.140, , 
930,31 Mar 1998, 24:00, , , , , , , ,15.560, , 
931,30 Apr 1998, 24:00, , , , , , , ,15.010, , 
932,31 May 1998, 24:00, , , , , , , ,15.730, , 
933,30 Jun 1998, 24:00, , , , , , , ,14.960, , 
934,31 Jul 1998, 24:00, , , , , , , ,15.290, , 
935,31 Aug 1998, 24:00, , , , , , , ,15.330, , 
936,30 Sep 1998, 24:00, , , , , , , ,13.410, , 
937,31 Oct 1998, 24:00, , , , , , , ,9.430, , 
938,30 Nov 1998, 24:00, , , , , , , ,15.140, , 
939,31 Dec 1998, 24:00, , , , , , , ,15.370, , 
940,31 Jan 1999, 24:00, , , , , , , ,15.620, , 
941,28 Feb 1999, 24:00, , , , , , , ,13.720, , 
942,31 Mar 1999, 24:00, , , , , , , ,15.610, , 
943,30 Apr 1999, 24:00, , , , , , , ,14.680, , 
944,31 May 1999, 24:00, , , , , , , ,15.630, , 
945,30 Jun 1999, 24:00, , , , , , , ,14.730, , 
946,31 Jul 1999, 24:00, , , , , , , ,15.110, , 
947,31 Aug 1999, 24:00, , , , , , , ,15.210, , 
948,30 Sep 1999, 24:00, , , , , , , ,9.410, , 
949,31 Oct 1999, 24:00, , , , , , , ,12.720, , 
950,30 Nov 1999, 24:00, , , , , , , ,11.470, , 
951,31 Dec 1999, 24:00, , , , , , , ,6.460, , 
952,31 Jan 2000, 24:00, , , , , , , , ,9.990, 
953,29 Feb 2000, 24:00, , , , , , , , ,14.630, 
954,31 Mar 2000, 24:00, , , , , , , , ,15.650, 
955,30 Apr 2000, 24:00, , , , , , , , ,15.130, 
956,31 May 2000, 24:00, , , , , , , , ,15.600, 
957,30 Jun 2000, 24:00, , , , , , , , ,14.930, 
958,31 Jul 2000, 24:00, , , , , , , , ,14.460, 
959,31 Aug 2000, 24:00, , , , , , , , ,15.180, 
960,30 Sep 2000, 24:00, , , , , , , , ,11.950, 
961,31 Oct 2000, 24:00, , , , , , , , ,12.160, 
962,30 Nov 2000, 24:00, , , , , , , , ,7.490, 
963,31 Dec 2000, 24:00, , , , , , , , ,2.980, 
964,31 Jan 2001, 24:00, , , , , , , , ,6.790, 
965,28 Feb 2001, 24:00, , , , , , , , ,8.060, 
966,31 Mar 2001, 24:00, , , , , , , , ,15.710, 
967,30 Apr 2001, 24:00, , , , , , , , ,9.730, 
968,31 May 2001, 24:00, , , , , , , , ,12.570, 
969,30 Jun 2001, 24:00, , , , , , , , ,13.510, 
970,31 Jul 2001, 24:00, , , , , , , , ,15.430, 
971,31 Aug 2001, 24:00, , , , , , , , ,14.990, 
972,30 Sep 2001, 24:00, , , , , , , , ,7.080, 
973,31 Oct 2001, 24:00, , , , , , , , ,0.000, 
974,30 Nov 2001, 24:00, , , , , , , , ,0.250, 
975,31 Dec 2001, 24:00, , , , , , , , ,12.670, 
976,31 Jan 2002, 24:00, , , , , , , , ,12.920, 
977,28 Feb 2002, 24:00, , , , , , , , ,14.260, 
978,31 Mar 2002, 24:00, , , , , , , , ,15.770, 
979,30 Apr 2002, 24:00, , , , , , , , ,14.790, 
980,31 May 2002, 24:00, , , , , , , , ,15.450, 
981,30 Jun 2002, 24:00, , , , , , , , ,14.910, 
982,31 Jul 2002, 24:00, , , , , , , , ,15.290, 
983,31 Aug 2002, 24:00, , , , , , , , ,11.840, 
984,30 Sep 2002, 24:00, , , , , , , , ,2.820, 
985,31 Oct 2002, 24:00, , , , , , , , ,9.600, 
986,30 Nov 2002, 24:00, , , , , , , , ,14.220, 
987,31 Dec 2002, 24:00, , , , , , , , ,15.740, 
988,31 Jan 2003, 24:00, , , , , , , , ,15.700, 
989,28 Feb 2003, 24:00, , , , , , , , ,14.360, 
990,31 Mar 2003, 24:00, , , , , , , , ,15.750, 
991,30 Apr 2003, 24:00, , , , , , , , ,15.090, 
992,31 May 2003, 24:00, , , , , , , , ,15.730, 
993,30 Jun 2003, 24:00, , , , , , , , ,14.860, 
994,31 Jul 2003, 24:00, , , , , , , , ,15.450, 
995,31 Aug 2003, 24:00, , , , , , , , ,15.440, 
996,30 Sep 2003, 24:00, , , , , , , , ,14.190, 
997,31 Oct 2003, 24:00, , , , , , , , ,5.470, 
998,30 Nov 2003, 24:00, , , , , , , , ,7.420, 
999,31 Dec 2003, 24:00, , , , , , , , ,12.490, 
1000,31 Jan 2004, 24:00, , , , , , , , ,15.510, 
1001,29 Feb 2004, 24:00, , , , , , , , ,14.690, 
1002,31 Mar 2004, 24:00, , , , , , , , ,15.450, 
1003,30 Apr 2004, 24:00, , , , , , , , ,14.790, 
1004,31 May 2004, 24:00, , , , , , , , ,15.650, 
1005,30 Jun 2004, 24:00, , , , , , , , ,14.620, 
1006,31 Jul 2004, 24:00, , , , , , , , ,15.220, 
1007,31 Aug 2004, 24:00, , , , , , , , ,15.100, 
1008,30 Sep 2004, 24:00, , , , , , , , ,9.400, 
1009,31 Oct 2004, 24:00, , , , , , , , ,11.100, 
1010,30 Nov 2004, 24:00, , , , , , , , ,14.880, 
1011,31 Dec 2004, 24:00, , , , , , , , ,6.430, 
1012,31 Jan 2005, 24:00, , , , , , , , ,14.960, 
1013,28 Feb 2005, 24:00, , , , , , , , ,11.870, 
1014,31 Mar 2005, 24:00, , , , , , , , ,13.800, 
1015,30 Apr 2005, 24:00, , , , , , , , ,13.710, 
1016,31 May 2005, 24:00, , , , , , , , ,14.110, 
1017,30 Jun 2005, 24:00, , , , , , , , ,14.820, 
1018,31 Jul 2005, 24:00, , , , , , , , ,15.210, 
1019,31 Aug 2005, 24:00, , , , , , , , ,15.290, 
1020,30 Sep 2005, 24:00, , , , , , , , ,9.340, 
1021,31 Oct 2005, 24:00, , , , , , , , ,6.660, 
1022,30 Nov 2005, 24:00, , , , , , , , ,10.650, 
1023,31 Dec 2005, 24:00, , , , , , , , ,15.530, 
1024,31 Jan 2006, 24:00, , , , , , , , ,15.460, 
1025,28 Feb 2006, 24:00, , , , , , , , ,14.190, 
1026,31 Mar 2006, 24:00, , , , , , , , ,15.450, 
1027,30 Apr 2006, 24:00, , , , , , , , ,15.170, 
1028,31 May 2006, 24:00, , , , , , , , ,15.250, 
1029,30 Jun 2006, 24:00, , , , , , , , ,14.410, 
1030,31 Jul 2006, 24:00, , , , , , , , ,14.740, 
1031,31 Aug 2006, 24:00, , , , , , , , ,14.520, 
1032,30 Sep 2006, 24:00, , , , , , , , ,5.690, 
1033,31 Oct 2006, 24:00, , , , , , , , ,13.420, 
1034,30 Nov 2006, 24:00, , , , , , , , ,4.890, 
1035,31 Dec 2006, 24:00, , , , , , , , ,8.260, 
1036,31 Jan 2007, 24:00, , , , , , , , ,10.720, 
1037,28 Feb 2007, 24:00, , , , , , , , ,10.540, 
1038,31 Mar 2007, 24:00, , , , , , , , ,14.060, 
1039,30 Apr 2007, 24:00, , , , , , , , ,5.960, 
1040,31 May 2007, 24:00, , , , , , , , ,14.220, 
1041,30 Jun 2007, 24:00, , , , , , , , ,13.580, 
1042,31 Jul 2007, 24:00, , , , , , , , ,14.140, 
1043,31 Aug 2007, 24:00, , , , , , , , ,13.950, 
1044,30 Sep 2007, 24:00, , , , , , , , ,13.410, 
1045,31 Oct 2007, 24:00, , , , , , , , ,3.580, 
1046,30 Nov 2007, 24:00, , , , , , , , ,5.210, 
1047,31 Dec 2007, 24:00, , , , , , , , ,12.780, 
1048,31 Jan 2008, 24:00, , , , , , , , ,6.610, 
1049,29 Feb 2008, 24:00, , , , , , , , ,10.010, 
1050,31 Mar 2008, 24:00, , , , , , , , ,13.960, 
1051,30 Apr 2008, 24:00, , , , , , , , ,13.870, 
1052,31 May 2008, 24:00, , , , , , , , ,14.270, 
1053,30 Jun 2008, 24:00, , , , , , , , ,10.630, 
1054,31 Jul 2008, 24:00, , , , , , , , ,13.950, 
1055,31 Aug 2008, 24:00, , , , , , , , ,14.130, 
1056,30 Sep 2008, 24:00, , , , , , , , ,7.360, 
1057,31 Oct 2008, 24:00, , , , , , , , ,9.320, 
1058,30 Nov 2008, 24:00, , , , , , , , ,14.230, 
1059,31 Dec 2008, 24:00, , , , , , , , ,11.800, 
1060,31 Jan 2009, 24:00, , , , , , , , ,9.980, 
1061,28 Feb 2009, 24:00, , , , , , , , ,10.470, 
1062,31 Mar 2009, 24:00, , , , , , , , ,12.600, 
1063,30 Apr 2009, 24:00, , , , , , , , ,13.940, 
1064,31 May 2009, 24:00, , , , , , , , ,14.640, 
1065,30 Jun 2009, 24:00, , , , , , , , ,13.510, 
1066,31 Jul 2009, 24:00, , , , , , , , ,13.400, 
1067,31 Aug 2009, 24:00, , , , , , , , ,13.610, 
1068,30 Sep 2009, 24:00, , , , , , , , ,13.140, 
1069,31 Oct 2009, 24:00, , , , , , , , ,6.940, 
1070,30 Nov 2009, 24:00, , , , , , , , ,12.160, 
1071,31 Dec 2009, 24:00, , , , , , , , ,14.430, 
1072,31 Jan 2010, 24:00, , , , , , , , , ,14.500
1073,28 Feb 2010, 24:00, , , , , , , , , ,14.320
1074,31 Mar 2010, 24:00, , , , , , , , , ,14.270
1075,30 Apr 2010, 24:00, , , , , , , , , ,13.780
1076,31 May 2010, 24:00, , , , , , , , , ,13.870
1077,30 Jun 2010, 24:00, , , , , , , , , ,13.430
1078,31 Jul 2010, 24:00, , , , , , , , , ,12.050
1079,31 Aug 2010, 24:00, , , , , , , , , ,11.580
1080,30 Sep 2010, 24:00, , , , , , , , , ,14.020
1081,31 Oct 2010, 24:00, , , , , , , , , ,2.620
1082,30 Nov 2010, 24:00, , , , , , , , , ,12.060
1083,31 Dec 2010, 24:00, , , , , , , , , ,4.680
1084,31 Jan 2011, 24:00, , , , , , , , , ,3.100
1085,28 Feb 2011, 24:00, , , , , , , , , ,1.940
1086,31 Mar 2011, 24:00, , , , , , , , , ,7.040
1087,30 Apr 2011, 24:00, , , , , , , , , ,12.330
1088,31 May 2011, 24:00, , , , , , , , , ,13.020
1089,30 Jun 2011, 24:00, , , , , , , , , ,12.690
1090,31 Jul 2011, 24:00, , , , , , , , , ,12.060
1091,31 Aug 2011, 24:00, , , , , , , , , ,12.310
1092,30 Sep 2011, 24:00, , , , , , , , , ,12.860
1093,31 Oct 2011, 24:00, , , , , , , , , ,9.259
1094,30 Nov 2011, 24:00, , , , , , , , , ,9.048
1095,31 Dec 2011, 24:00, , , , , , , , , ,1.596
1096,31 Jan 2012, 24:00, , , , , , , , , ,1.723
1097,29 Feb 2012, 24:00, , , , , , , , , ,8.551
1098,31 Mar 2012, 24:00, , , , , , , , , ,10.390
1099,30 Apr 2012, 24:00, , , , , , , , , ,9.111
1100,31 May 2012, 24:00, , , , , , , , , ,8.224
1101,30 Jun 2012, 24:00, , , , , , , , , ,7.959
1102,31 Jul 2012, 24:00, , , , , , , , , ,8.287
1103,31 Aug 2012, 24:00, , , , , , , , , ,9.270
1104,30 Sep 2012, 24:00, , , , , , , , , ,8.181
1105,31 Oct 2012, 24:00, , , , , , , , , ,9.353
1106,30 Nov 2012, 24:00, , , , , , , , , ,14.280
1107,31 Dec 2012, 24:00, , , , , , , , , ,11.841
1108,31 Jan 2013, 24:00, , , , , , , , , ,10.015
1109,28 Feb 2013, 24:00, , , , , , , , , ,10.507
1110,31 Mar 2013, 24:00, , , , , , , , , ,12.644
1111,30 Apr 2013, 24:00, , , , , , , , , ,13.989
1112,31 May 2013, 24:00, , , , , , , , , ,14.691
1113,30 Jun 2013, 24:00, , , , , , , , , ,13.557
1114,31 Jul 2013, 24:00, , , , , , , , , ,13.447
1115,31 Aug 2013, 24:00, , , , , , , , , ,13.658
1116,30 Sep 2013, 24:00, , , , , , , , , ,13.186
1117,31 Oct 2013, 24:00, , , , , , , , , ,13.964
1118,30 Nov 2013, 24:00, , , , , , , , , ,13.953
1119,31 Dec 2013, 24:00, , , , , , , , , ,13.545
1120,31 Jan 2014, 24:00, , , , , , , , , ,14.749
1121,28 Feb 2014, 24:00, , , , , , , , , ,6.880
1122,31 Mar 2014, 24:00, , , , , , , , , ,5.235
1123,30 Apr 2014, 24:00, , , , , , , , , ,0.484
1124,31 May 2014, 24:00, , , , , , , , , ,0.914
1125,30 Jun 2014, 24:00, , , , , , , , , ,1.634
1126,31 Jul 2014, 24:00, , , , , , , , , ,1.623
1127,31 Aug 2014, 24:00, , , , , , , , , ,0.204
1128,30 Sep 2014, 24:00, , , , , , , , , ,13.384
1129,31 Oct 2014, 24:00, , , , , , , , , ,12.311
1130,30 Nov 2014, 24:00, , , , , , , , , ,7.583
1131,31 Dec 2014, 24:00, , , , , , , , , ,3.017
1132,31 Jan 2015, 24:00, , , , , , , , , ,6.874
1133,28 Feb 2015, 24:00, , , , , , , , , ,8.160
1134,31 Mar 2015, 24:00, , , , , , , , , ,15.905
1135,30 Apr 2015, 24:00, , , , , , , , , ,9.851
1136,31 May 2015, 24:00, , , , , , , , , ,12.726
1137,30 Jun 2015, 24:00, , , , , , , , , ,13.678
1138,31 Jul 2015, 24:00, , , , , , , , , ,15.621
1139,31 Aug 2015, 24:00, , , , , , , , , ,15.176
1140,30 Sep 2015, 24:00, , , , , , , , , ,7.168
